"What's your first name?","Last name?",Email?,"How did you find us?","From 1-10, how comfortable do you feel with money?",MEMBER_RATING,OPTIN_TIME,OPTIN_IP,CONFIRM_TIME,CONFIRM_IP,LATITUDE,LONGITUDE,GMTOFF,DSTOFF,TIMEZONE,CC,REGION,CLEAN_TIME,CLEAN_CAMPAIGN_TITLE,CLEAN_CAMPAIGN_ID,LEID,EUID,NOTES,TAGS
,,mpp2126@columbia.edu,,,1,"2019-08-12 06:40:52",,"2019-08-12 06:40:52",,,,,,,,,"2019-10-28 08:08:25","Group a",ef10bb704b,360048369,6d0a85a8ef,,
Jeremy,Regan,jregab2@tulane.com,"You told me",8,1,"2019-10-31 22:26:08",,"2019-10-31 22:26:08",174.235.132.44,30.4577000,'-90.1145000,'-6,'-5,America/Indiana/Knox,US,LA,"2019-10-31 22:30:03","Welcome Message",ca30c3cb44,387700961,6854494ab6,,
,,sepdrelli@gmail.com,,,1,"2019-10-29 16:35:07",,"2019-10-29 16:35:07",129.81.6.193,,,,,,,,"2019-10-29 16:38:07","Welcome Message",ca30c3cb44,387536825,429578fa23,,
Catherine,McNeel,cmcneel@tulane.com,Ilana,6,1,"2019-10-18 14:23:14",,"2019-10-18 14:23:14",129.81.163.71,29.9546000,'-90.1234000,'-6,'-5,America/Indiana/Knox,US,LA,"2019-10-18 14:28:08","Welcome Message",7e472b7609,378113121,5372cef68f,,
,,alerner@tulane.edu,,,1,"2019-08-12 06:40:53",,"2019-08-12 06:40:53",,,,,,,,,"2019-09-04 11:00:27","[Re-sent] newsletter 4",9ef2489177,360048517,1b0502c881,,
Clara,Seidel,clsaidel123@yahoo.com,Dinah,10,1,"2019-11-06 16:01:18",,"2019-11-06 16:01:18",174.48.246.144,26.3089000,'-80.1409000,'-5,'-4,America/Kentucky/Monticello,US,FL,"2019-11-06 16:06:07","Welcome Message",ca30c3cb44,388946473,aae418e216,,
Allyson,Rosenzweig,twiggf713@gmail.com,Friend,7,1,"2019-10-22 14:58:24",,"2019-10-22 14:58:24",174.203.4.208,40.7783000,'-73.9551000,'-5,'-4,America/New_York,US,NY,"2019-10-22 15:02:40","Welcome Message",ca30c3cb44,378745477,7772c350e6,,
,,maridemonserrat95@gmail.com,,,1,"2019-08-12 06:40:51",,"2019-08-12 06:40:51",,,,,,,,,"2019-08-12 07:02:49","newsletter no.1",52dc3b9652,360048153,1c731117aa,,
